{
  "data":[
    
    {
      "questionId": "b28af948-db8b-465e-92e6-3d42534c4533",
      "sentence": "The company's _____________ approach to product development _____________ customer feedback at every stage, _____________ user satisfaction and _____________ a loyal consumer base.",
      "blanks": 4,
      "questionType": "text",
      "answerType": "options",
      "options": ["Incorporated", "User-centric", "Enhancing", "Cultivating"],
      "correctAnswer": ["User-centric", "Incorporated", "Enhancing", "Cultivating"]
    },
    {
      "questionId": "6e6534ea-260a-4c26-96fd-f830b27601fb",
      "sentence": "The _____________ musical performance _____________ elements from various genres, _____________ the audience with its unique sound and _____________ critical acclaim from industry experts.",
      "blanks": 4,
      "questionType": "text",
      "answerType": "options",
      "options": ["Captivating", "Eclectic", "Garnering", "Blended"],
      "correctAnswer": ["Eclectic", "Blended", "Captivating", "Garnering"]
    },
    {
      "questionId": "7186e3da-0384-460a-af19-5a3984758e78",
      "sentence": "The scientist's _____________ research on quantum computing _____________ new possibilities for data processing, _____________ traditional limitations and _____________ the way for groundbreaking technological advancements.",
      "blanks": 4,
      "questionType": "text",
      "answerType": "options",
      "options": ["Pioneering", "Paving", "Overcoming", "Opened up"],
      "correctAnswer": ["Pioneering", "Opened up", "Overcoming", "Paving"]
    },
    {
      "questionId": "10cbe3c2-13bb-4973-a794-18bf309b0791",
      "sentence": "The _____________ implementation of machine learning algorithms in medical diagnostics _____________ early detection of diseases, _____________ treatment outcomes and _____________ the workload of healthcare professionals.",
      "blanks": 4,
      "questionType": "text",
      "answerType": "options",
      "options": ["Improving", "Reducing", "Enabled", "Revolutionary"],
      "correctAnswer": ["Revolutionary", "Enabled", "Improving", "Reducing"]
    },
    {
      "questionId": "71ffe41e-8732-48e6-87f2-f84ea07eb060",
      "sentence": "The _____________ security breach at the tech giant _____________ millions of users' data, _____________ concerns about online privacy and _____________ calls for stricter regulations.",
      "blanks": 4,
      "questionType": "text",
      "answerType": "options",
      "options": ["Raising", "Massive", "Prompting", "Compromised"],
      "correctAnswer": ["Massive", "Compromised", "Raising", "Prompting"]
    },
    {
      "questionId": "48b9b4bd-5c2c-4c25-92c0-ce453b14e8d7",
      "sentence": "The _____________ educational reform _____________ a more inclusive curriculum, _____________ equal opportunities for all students and _____________ the overall quality of public schooling.",
      "blanks": 4,
      "questionType": "text",
      "answerType": "options",
      "options": ["Comprehensive", "Enhancing", "Implemented", "Promoting"],
      "correctAnswer": ["Comprehensive", "Implemented", "Promoting", "Enhancing"]
    },
    {
      "questionId": "ed5e6e2d-8408-406e-be32-777ac26460e2",
      "sentence": "The company's _____________ commitment to sustainability _____________ eco-friendly practices across all departments, _____________ its carbon footprint and _____________ a model for corporate responsibility.",
      "blanks": 4,
      "questionType": "text",
      "answerType": "options",
      "options": ["Implemented", "Setting", "Unwavering", "Reducing"],
      "correctAnswer": ["Unwavering", "Implemented", "Reducing", "Setting"]
    },
    {
      "questionId": "936eccaa-2f3b-4322-a3d3-ceabf2219dc5",
      "sentence": "The _____________ implementation of artificial intelligence in healthcare _____________ patient outcomes, _____________ the workload of medical professionals and _____________ new avenues for personalized treatment.",
      "blanks": 4,
      "questionType": "text",
      "answerType": "options",
      "options": ["Opening", "Improved", "Gradual", "Reducing"],
      "correctAnswer": ["Gradual", "Improved", "Reducing", "Opening"]
    },
    {
      "questionId": "d78effdf-88ab-4667-8115-3bfb2baa0a24",
      "sentence": "The _____________ festival _____________ artists from diverse backgrounds, _____________ cultural exchange and _____________ a platform for emerging talents to showcase their work.",
      "blanks": 4,
      "questionType": "text",
      "answerType": "options",
      "options": ["Providing", "Brought together", "Promoting", "International"],
      "correctAnswer": ["International", "Brought together", "Promoting", "Providing"]
    },
    {
      "questionId": "2d08ec76-a253-4f34-bc45-e12ef21b78fb",
      "sentence": "The _____________ implementation of smart city technologies _____________ urban efficiency and sustainability, _____________ quality of life for residents and _____________ a model for future urban development.",
      "blanks": 4,  
      "questionType": "text",
      "answerType": "options",
      "options": ["Enhancing", "Improved", "Providing", "Widespread"],
      "correctAnswer": ["Widespread", "Improved", "Enhancing", "Providing"]
    }
  
  ]
}
